model_name,paragraph,question,ground_truth,llm_answer,reasoning,ambiguity_label,ambiguity_reasoning,quality_grade,quality_justification,is_correct
meta-llama/llama-3.2-3b-instruct:free,"The company launched its new software with features like data encryption and automatic backups. Pricing information is available, but there's no mention of customer support options.",Does it mention pricing?,yes,no,", it does not mention pricing. The text states ""Pricing information is available"", which implies that it is mentioned, but does not provide the details itself.",ambiguous,"assify the question's clarity as 'Ambiguous'.

The question asks if ""it mentions pricing"", but the paragraph specifically states that ""Pricing information is available"", which clearly mentions the existence of pricing information. The question is ambiguous because it doesn't specify what ""it"" refers to, which could be the software, the company, or something else. To answer the question accurately, it would be necessary to know what ""it"" refers to in the context of the paragraph.",4,"out of 5.

The reasoning is excellent because it correctly identifies the implication of the text. The phrase ""Pricing information is available"" is often used to indicate that the information is available, but not necessarily provided in the text itself. This is a common linguistic trick used to convey that the information is available, but not explicitly stated. The reasoning accurately captures this nuance and provides a clear justification for the conclusion.

The only reason I wouldn't give it a perfect score is that the reasoning is quite straightforward and doesn't require any complex analysis or interpretation. The conclusion is relatively obvious and can be inferred with minimal effort. Nevertheless, the reasoning is clear, concise, and accurate, making it a strong example of logical reasoning.",False
meta-llama/llama-3.2-3b-instruct:free,"The company launched its new software with features like data encryption and automatic backups. Pricing information is available, but there's no mention of customer support options.",Is customer support discussed?,no,no,", The paragraph states that pricing information is available, but there's no mention of customer support options.",ambiguous,"assify the question's clarity as 'Ambiguous'.

The question asks if customer support is discussed, but the paragraph actually mentions that there is no mention of customer support options. This implies that customer support is not discussed at all, rather than that it is discussed. The question's phrasing is too broad and does not accurately reflect the content of the paragraph.",4,"out of 5.

The reasoning is clear and concise, and it directly addresses the information provided in the paragraph. The statement ""The paragraph states that pricing information is available, but there's no mention of customer support options"" effectively summarizes the main point of the paragraph. However, the reasoning could be slightly improved by providing more context or explanation about why the lack of customer support options is significant or noteworthy. As it stands, the reasoning is straightforward and to the point, but it doesn't offer much additional insight or analysis.",True
meta-llama/llama-3.2-3b-instruct:free,"The company launched its new software with features like data encryption and automatic backups. Pricing information is available, but there's no mention of customer support options.",Does it talk about data encryption?,yes,yes,. The paragraph mentions data encryption as one of the features of the new software.,clear,"d classify the question's clarity as 'Clear'. 

The reason for this classification is that the question directly references a specific feature mentioned in the paragraph, which is ""data encryption"". The question is straightforward and to the point, asking if the paragraph talks about data encryption, without any ambiguity or room for misinterpretation.",4,".

The reasoning is excellent because it directly addresses the information provided in the paragraph. The paragraph explicitly mentions data encryption as one of the features of the new software, and the reasoning correctly identifies this feature. The reasoning is also concise and to the point, making it easy to understand.

The only reason I wouldn't give it a 5 is that the reasoning doesn't provide any additional analysis or insights beyond simply identifying the feature mentioned in the paragraph. However, given the straightforward nature of the information, this is a minor quibble.",True
meta-llama/llama-3.2-3b-instruct:free,"The smartphone boasts a 6.5-inch display and comes with a dual-lens camera system. However, the battery capacity and processor details were not revealed.",Is the display size mentioned?,yes,yes,". The display size is mentioned as ""6.5-inch"".",clear,"d classify the question's clarity as 'Clear'. 

The question directly asks if the display size is mentioned in the paragraph, and the answer to this question can be easily determined by reading the paragraph. The paragraph explicitly states that the smartphone has a 6.5-inch display, which directly answers the question.",4,"out of 5.

The reasoning is clear and concise, and it directly addresses the specific detail mentioned in the paragraph. The phrase "". The display size is mentioned as '6.5-inch'"" is a good way to highlight the relevant information. However, the reasoning could be improved by providing more context or explaining why the display size is significant or relevant to the overall description of the smartphone. As it stands, the reasoning is somewhat superficial and doesn't add much depth or insight to the analysis.",True
meta-llama/llama-3.2-3b-instruct:free,"The smartphone boasts a 6.5-inch display and comes with a dual-lens camera system. However, the battery capacity and processor details were not revealed.",Does it discuss battery capacity?,no,no,", The paragraph does not explicitly discuss battery capacity, but rather mentions that the details were not revealed.",clear,"d classify the question's clarity as 'Clear'.

The question is straightforward and specifically asks if the paragraph discusses battery capacity, which is a specific detail mentioned in the paragraph. The question does not contain any ambiguous language or require any inference, making it easy to understand and answer based on the provided paragraph.",4,"out of 5.

The reasoning is excellent because it accurately identifies the lack of explicit discussion about battery capacity in the given paragraph. The phrase ""The details were not revealed"" implies that the information about battery capacity was not explicitly mentioned, rather than being absent or unknown. This shows a clear understanding of the text and the ability to extract relevant information.

The only reason I wouldn't give it a perfect score is that the reasoning could be more explicit. For example, the statement ""The paragraph does not explicitly discuss battery capacity"" could be rephrased as ""The paragraph does not mention battery capacity explicitly."" However, the current statement is still clear and effective, making it a 4 out of 5.",True
meta-llama/llama-3.2-3b-instruct:free,"The smartphone boasts a 6.5-inch display and comes with a dual-lens camera system. However, the battery capacity and processor details were not revealed.",Are camera features included?,yes,yes,". The paragraph specifically mentions that the smartphone comes with a dual-lens camera system, which clearly includes camera features.",ambiguous,"assify the question as 'Ambiguous'.

The question is asking if camera features are included, but the paragraph only mentions that the smartphone comes with a ""dual-lens camera system"", which is a specific example of camera features, not a general statement that all camera features are included. This makes the question unclear, as it does not provide enough information to answer whether all camera features are included or not. A more precise question would be ""Are all camera features included?"" or ""Are any camera features missing?"" to clarify the intended meaning.",4,".

The reasoning is excellent because it identifies a specific piece of information in the paragraph that can be used to make an inference. The fact that the smartphone comes with a dual-lens camera system provides a clear indication that the camera features are present. The reasoning is clear and concise, and it directly addresses the question of whether the paragraph ""clearly includes camera features"".

The only reason I wouldn't give it a 5 (Excellent) is that the reasoning is somewhat self-evident, and it doesn't really require much critical thinking or analysis. Anyone reading the paragraph would likely make the same inference without needing to apply any complex reasoning skills.",True
nvidia/llama-3.1-nemotron-70b-instruct,"The company launched its new software with features like data encryption and automatic backups. Pricing information is available, but there's no mention of customer support options.",Does it mention pricing?,yes,yes,"The paragraph explicitly states ""Pricing information is available"", indicating that pricing details are indeed mentioned, even if the specific prices themselves are not provided.",clear,"d classify the question's clarity in relation to the paragraph as **'Clear'**. Here's my reasoning:

1. **Direct relevance**: The question directly relates to information presented in the paragraph. The paragraph explicitly mentions ""Pricing information is available"", which is exactly what the question inquires about.
2. **Unambiguous terminology**: The term ""pricing"" is used in both the paragraph and the question, eliminating potential confusion that might arise from synonyms or related but distinct concepts.
3. **Straightforward answer**: Based on the paragraph, a definitive ""yes"" or ""no"" answer can be provided to the question (""Does it mention pricing?""). In this case, the answer would be ""Yes, it does mention pricing.""

Given these factors, the question's clarity in relation to the paragraph is straightforward, leaving little to no room for interpretation or confusion.",5,"(Excellent)**

**Justification:**
The reasoning is of high quality because it:

1. **Accurately interprets the text**: The reasoning correctly understands the phrase ""Pricing information is available"" to imply that details about pricing are mentioned, even if the specifics (e.g., numbers) are not provided.
2. **Addresses the claim directly**: The reasoning focuses on the explicit mention of pricing information, directly countering any potential assumption that pricing is entirely unmentioned.
3. **Avoids over-interpretation**: The reasoning does not read beyond what is explicitly stated, sticking to the text's literal meaning without making unfounded inferences.
4. **Demonstrates logical clarity**: The explanation is straightforward, easy to follow, and logically sound, making it a robust justification for its conclusion.",True
nvidia/llama-3.1-nemotron-70b-instruct,"The company launched its new software with features like data encryption and automatic backups. Pricing information is available, but there's no mention of customer support options.",Is customer support discussed?,no,no,"The paragraph explicitly states ""there's no mention of customer support options"", indicating that customer support is not discussed.",clear,"d classify the question's clarity in relation to the paragraph as **'Clear'**. Here's my reasoning:

1. **Directly related topic**: The question is directly related to the content of the paragraph, which discusses the launch of new software and mentions specific aspects of it (features and pricing).
2. **Unambiguous terminology**: The term ""customer support"" is used in the question, which has a clear and specific meaning. There's little room for misinterpretation of what is being asked.
3. **Paragraph provides a direct answer**: Although the paragraph does not provide detailed information about customer support, it explicitly states that ""there's no mention of customer support options."" This directly answers the question in a negative light, indicating that customer support is indeed discussed (albeit to state its absence).
4. **No contextual assumptions needed**: To answer the question, one doesn't need to make assumptions about the context beyond what's provided in the paragraph. The question can be answered based solely on the information given.

Given these points, the question is straightforward and directly answerable based on the paragraph's content, making its clarity in relation to the paragraph **'Clear'**.",5,"(Excellent)**

**Justification:**
The reasoning is rated as Excellent for several reasons:

1. **Direct Evidence**: The reasoning directly quotes the paragraph, ensuring the interpretation is grounded in explicit text.
2. **Clear Inference**: The conclusion logically follows from the quoted text, leaving little room for misinterpretation.
3. **Avoids Assumptions**: The reasoning does not make assumptions beyond what is stated; it merely acknowledges the absence of information as explicitly noted in the paragraph.
4. **Concise and Transparent**: The explanation is brief, straightforward, and easy to understand, making the thought process behind the conclusion clear.",True
nvidia/llama-3.1-nemotron-70b-instruct,"The company launched its new software with features like data encryption and automatic backups. Pricing information is available, but there's no mention of customer support options.",Does it talk about data encryption?,yes,yes,"The paragraph explicitly mentions ""data encryption"" as one of the features of the company's new software, directly answering the question in the affirmative.",clear,"d classify the question's clarity in relation to the paragraph as **'Clear'**. Here's my reasoning:

1. **Direct Mention**: The paragraph explicitly mentions ""data encryption"" as one of the features of the new software. This direct mention establishes a clear connection between the question and the paragraph.
2. **Unambiguous Term**: The term ""data encryption"" is specific and has a widely understood meaning, reducing the likelihood of misinterpretation.
3. **Simple Yes/No Answer**: The question can be answered with a simple ""yes"" or ""no"" based on the paragraph's content, which further indicates clarity. In this case, the answer would be ""yes"", it does talk about data encryption.

Overall, the question directly references a specific detail from the paragraph, making it easy to understand and answer, hence classified as **'Clear'**.",1,"(Poor)**

**Justification:** The reasoning provided does not align with the content of the paragraph. The paragraph discusses the launch of new software, its features (data encryption and automatic backups), and the availability of pricing information, but lacks mention of customer support options. However, the question being referenced in the reasoning is not provided, but based on the context, it seems the reasoning is attempting to address a question about customer support or perhaps the existence of a specific feature not related to the one mentioned (data encryption). The reasoning fails to address the actual content of the paragraph in a meaningful way, especially since there's no question provided to evaluate the ""affirmative"" answer to. Effective reasoning should clearly connect the provided information to the question at hand, which is not achieved here.",True
nvidia/llama-3.1-nemotron-70b-instruct,"The smartphone boasts a 6.5-inch display and comes with a dual-lens camera system. However, the battery capacity and processor details were not revealed.",Is the display size mentioned?,yes,yes,"The paragraph explicitly states ""The smartphone boasts a 6.5-inch display"", directly mentioning the display size.",clear,"sification:** **Clear**

**Reasoning:**

1. **Direct Mention**: The paragraph directly mentions the display size, stating ""a 6.5-inch display"", which immediately addresses the question.
2. **Specificity Match**: The question asks for the display size, and the paragraph provides a specific measurement (6.5 inches), ensuring there's no confusion about what aspect of the display the question refers to.
3. **Unambiguous Language**: Both the paragraph and the question use straightforward language, leaving no room for interpretation regarding what is being asked or what information is being provided.
4. **Clear Context**: The context of the question (details about the smartphone) is perfectly aligned with the information given in the paragraph, further reducing any potential for ambiguity.

Given these points, the question's clarity in relation to the paragraph is unmistakable, leading to a classification of ""Clear"".",5,"(Excellent)**

**Justification:**

* The reasoning is **directly supported by the text**: it accurately quotes the relevant sentence from the paragraph.
* The reasoning is **clear and concise**: it explicitly states what the paragraph mentions about the display size.
* There is **no unwarranted assumption or inference**: the conclusion is strictly based on the information provided in the paragraph, without introducing external information or interpretation.
* The language used is **objective and neutral**, simply stating the fact as presented in the paragraph, which adds to the overall quality of the reasoning.",True
nvidia/llama-3.1-nemotron-70b-instruct,"The smartphone boasts a 6.5-inch display and comes with a dual-lens camera system. However, the battery capacity and processor details were not revealed.",Does it discuss battery capacity?,no,no,"Although the paragraph mentions ""battery capacity"", it explicitly states that the details regarding battery capacity ""were not revealed"", implying that the discussion does not provide any information about it, only acknowledging its absence.",clear,"d classify the question's clarity in relation to the paragraph as **Clear**. Here's my reasoning:

1. **Directly related to paragraph content**: The question specifically inquires about ""battery capacity"", which is explicitly mentioned in the paragraph.
2. **Unambiguous terminology**: The term ""battery capacity"" is a well-defined and widely understood concept in the context of smartphones, leaving little room for misinterpretation.
3. **Paragraph provides a direct answer (by implication)**: Although the paragraph doesn't provide a numerical value for battery capacity, it clearly states that the details ""were not revealed"". This implies a direct answer to the question: ""No, the paragraph does not discuss (i.e., provide information about) battery capacity.""
4. **No potential for confusion with other concepts**: The question doesn't use vague terms or phrasing that could be confused with other aspects of the paragraph, such as the camera system or display size.

Overall, the question is concise, directly related to the paragraph's content, and uses unambiguous terminology, making it a **Clear** question in relation to the paragraph.",5,"(Excellent)**

**Justification:**

1. **Accurate interpretation**: The reasoning accurately interprets the paragraph's statement about battery capacity, recognizing the distinction between mentioning a topic and providing substantial information about it.
2. **Clear understanding of implications**: The reasoning clearly understands the implication of the phrase ""were not revealed"", which is to indicate the absence of specific details.
3. **Logical conclusion**: The conclusion logically follows from the analysis, correctly summarizing the nature of the information (or lack thereof) provided in the paragraph.
4. **Concise expression**: The reasoning is concisely expressed, directly addressing the key points without unnecessary elaboration.
5. **No apparent flaws or biases**: The reasoning appears objective, focusing solely on the textual analysis without introducing external assumptions or biases.",True
nvidia/llama-3.1-nemotron-70b-instruct,"The smartphone boasts a 6.5-inch display and comes with a dual-lens camera system. However, the battery capacity and processor details were not revealed.",Are camera features included?,yes,yes,"The paragraph explicitly mentions that the smartphone ""comes with a dual-lens camera system"", which confirms the inclusion of camera features.",clear,"sification:** **Clear**

**Reasoning:**

1. **Directly Answerable**: The question ""Are camera features included?"" can be directly answered with a simple ""yes"" or ""no"" based on the information provided in the paragraph.
2. **Relevant Information Provided**: The paragraph explicitly mentions a ""dual-lens camera system,"" which clearly indicates the presence of camera features, making the answer to the question unambiguous.
3. **No Room for Interpretation**: The question does not require any inference or assumption beyond what is stated. The mention of a ""dual-lens camera system"" unequivocally confirms the inclusion of camera features, leaving no ambiguity in the response.

Therefore, given the straightforward nature of the question and the explicit information provided in the paragraph, the question's clarity in relation to the paragraph is classified as 'Clear'.",5,"(Excellent)**

**Justification:**

* The reasoning directly quotes the relevant part of the paragraph, ensuring accuracy.
* It clearly explains how the quoted information supports the conclusion (inclusion of camera features).
* The logic is straightforward and easy to follow: ""X is mentioned"" â†’ ""Therefore, X is confirmed to be included"".
* There are no assumptions, leaps of logic, or misinterpretations of the original text, making the reasoning robust and reliable. 
* The conclusion is also modest in its claim, only affirming the presence of a dual-lens camera system, without inferring additional, unsupported details.",True
